[{"msg":"success","data":[{"Links":[{"Links":[{"Links":[],"AccomplishSwitch":false,"Number":"1","IsMinItem":true,"AccomplishSwitchScore":"","IsCancle":false,"IsMutex":true,"ItemName":"在目标区 1 ","Value":"7"},{"Links":[],"AccomplishSwitch":false,"Number":"1","IsMinItem":true,"AccomplishSwitchScore":"","IsCancle":false,"IsMutex":true,"ItemName":"在目标区 2","Value":"10"}],"AccomplishSwitch":false,"Number":"","IsMinItem":false,"AccomplishSwitchScore":"","IsCancle":false,"IsMutex":false,"ItemName":"鲨鱼箱完全在运输目标区内","Value":""},{"Links":[],"AccomplishSwitch":false,"Number":"1","IsMinItem":true,"AccomplishSwitchScore":"","IsCancle":false,"IsMutex":false,"ItemName":"有上述得分且鲨鱼只与箱底接触 ","Value":"20"}],"AccomplishSwitch":false,"Number":"","IsMinItem":false,"AccomplishSwitchScore":"","IsCancle":false,"IsMutex":false,"ItemName":"运送鲨鱼","Value":""},{"Links":[{"Links":[],"AccomplishSwitch":false,"Number":"1","IsMinItem":true,"AccomplishSwitchScore":"","IsCancle":false,"IsMutex":false,"ItemName":"警示围栏倒下","Value":"15"}],"AccomplishSwitch":false,"Number":"","IsMinItem":false,"AccomplishSwitchScore":"","IsCancle":true,"IsMutex":false,"ItemName":"义犬导盲 ","Value":""},{"Links":[{"Links":[],"AccomplishSwitch":false,"Number":"5","IsMinItem":true,"AccomplishSwitchScore":"","IsCancle":false,"IsMutex":false,"ItemName":"两个相同的可交换动物完全在同一半台上","Value":"20"}],"AccomplishSwitch":false,"Number":"","IsMinItem":false,"AccomplishSwitchScore":"","IsCancle":true,"IsMutex":false,"ItemName":"交换动物 ","Value":""},{"Links":[{"Links":[],"AccomplishSwitch":false,"Number":"8","IsMinItem":true,"AccomplishSwitchScore":"","IsCancle":false,"IsMutex":false,"ItemName":"食物完全在饲养区内","Value":"10"}],"AccomplishSwitch":false,"Number":"","IsMinItem":false,"AccomplishSwitchScore":"","IsCancle":true,"IsMutex":false,"ItemName":"喂食 ","Value":""},{"Links":[{"Links":[],"AccomplishSwitch":false,"Number":"1","IsMinItem":true,"AccomplishSwitchScore":"","IsCancle":false,"IsMutex":false,"ItemName":"仿生墙完全承受白色壁虎的重量 ","Value":"15"},{"Links":[],"AccomplishSwitch":false,"Number":"1","IsMinItem":true,"AccomplishSwitchScore":"","IsCancle":false,"IsMutex":false,"ItemName":"仿生墙完全承受机器人的重量 ","Value":"32"}],"AccomplishSwitch":false,"Number":"","IsMinItem":false,"AccomplishSwitchScore":"","IsCancle":false,"IsMutex":false,"ItemName":"仿生","Value":""},{"Links":[{"Links":[],"AccomplishSwitch":false,"Number":"1","IsMinItem":true,"AccomplishSwitchScore":"","IsCancle":false,"IsMutex":true,"ItemName":"牛奶和粪便均滚出 ","Value":"15"},{"Links":[],"AccomplishSwitch":false,"Number":"1","IsMinItem":true,"AccomplishSwitchScore":"","IsCancle":false,"IsMutex":true,"ItemName":"牛奶均滚出而粪便未滚出 ","Value":"20"}],"AccomplishSwitch":false,"Number":"","IsMinItem":false,"AccomplishSwitchScore":"","IsCancle":false,"IsMutex":false,"ItemName":"自动挤奶 ","Value":""},{"Links":[{"Links":[],"AccomplishSwitch":false,"Number":"1","IsMinItem":true,"AccomplishSwitchScore":"","IsCancle":false,"IsMutex":false,"ItemName":"模型可动部分完全打开 ","Value":"10"}],"AccomplishSwitch":false,"Number":"","IsMinItem":false,"AccomplishSwitchScore":"","IsCancle":false,"IsMutex":false,"ItemName":"放归熊猫 ","Value":""},{"Links":[{"Links":[],"AccomplishSwitch":false,"Number":"1","IsMinItem":true,"AccomplishSwitchScore":"","IsCancle":false,"IsMutex":false,"ItemName":"海豹身上的相机完全在基地内 ","Value":"15"}],"AccomplishSwitch":false,"Number":"","IsMinItem":false,"AccomplishSwitchScore":"","IsCancle":false,"IsMutex":false,"ItemName":"恢复相机 ","Value":""},{"Links":[{"Links":[],"AccomplishSwitch":false,"Number":"1","IsMinItem":true,"AccomplishSwitchScore":"","IsCancle":false,"IsMutex":false,"ItemName":"狗和驯养师完全在驯养研究区内 ","Value":"12"},{"Links":[],"AccomplishSwitch":false,"Number":"1","IsMinItem":true,"AccomplishSwitchScore":"","IsCancle":false,"IsMutex":false,"ItemName":" 动物学家完全在驯养研究区内 ","Value":"15"},{"Links":[],"AccomplishSwitch":false,"Number":"7","IsMinItem":true,"AccomplishSwitchScore":"","IsCancle":false,"IsMutex":false,"ItemName":" 粪便完全在驯养研究区内 ","Value":"5"}],"AccomplishSwitch":false,"Number":"","IsMinItem":false,"AccomplishSwitchScore":"","IsCancle":false,"IsMutex":false,"ItemName":" 驯养和研究 ","Value":""},{"Links":[{"Links":[],"AccomplishSwitch":false,"Number":"1","IsMinItem":true,"AccomplishSwitchScore":"","IsCancle":false,"IsMutex":true,"ItemName":" 蜜蜂在蜂箱上且蜂箱中没有蜂蜜 ","Value":"12"},{"Links":[],"AccomplishSwitch":false,"Number":"1","IsMinItem":true,"AccomplishSwitchScore":"","IsCancle":false,"IsMutex":true,"ItemName":" 蜜蜂在蜂箱上且蜂蜜完全在基地内 ","Value":"15"}],"AccomplishSwitch":false,"Number":"","IsMinItem":false,"AccomplishSwitchScore":"","IsCancle":false,"IsMutex":false,"ItemName":" 养蜂取蜜 ","Value":""},{"Links":[{"Links":[],"AccomplishSwitch":false,"Number":"1","IsMinItem":true,"AccomplishSwitchScore":"","IsCancle":false,"IsMutex":true,"ItemName":" 宠物装好假肢且未被裁判员拿走 ","Value":"9"},{"Links":[],"AccomplishSwitch":false,"Number":"1","IsMinItem":true,"AccomplishSwitchScore":"","IsCancle":false,"IsMutex":true,"ItemName":"宠物装好假肢且完全在农场内 ","Value":"15"}],"AccomplishSwitch":false,"Number":"","IsMinItem":false,"AccomplishSwitchScore":"","IsCancle":false,"IsMutex":false,"ItemName":" 安装假肢 ","Value":""},{"Links":[{"Links":[],"AccomplishSwitch":false,"Number":"1","IsMinItem":true,"AccomplishSwitchScore":"","IsCancle":false,"IsMutex":false,"ItemName":" 海豹完整且完全地在基地内 ","Value":"10"}],"AccomplishSwitch":false,"Number":"","IsMinItem":false,"AccomplishSwitchScore":"","IsCancle":false,"IsMutex":false,"ItemName":" 收回海豹 ","Value":""},{"Links":[{"Links":[],"AccomplishSwitch":false,"Number":"1","IsMinItem":true,"AccomplishSwitchScore":"","IsCancle":false,"IsMutex":false,"ItemName":" 所有牛奶完全在基地内 ","Value":"10"}],"AccomplishSwitch":false,"Number":"","IsMinItem":false,"AccomplishSwitchScore":"","IsCancle":false,"IsMutex":false,"ItemName":" 运送牛奶 ","Value":""},{"Links":[{"Links":[],"AccomplishSwitch":false,"Number":"1","IsMinItem":true,"AccomplishSwitchScore":"","IsCancle":false,"IsMutex":true,"ItemName":" 斜坡支撑三桶牛奶 ","Value":"20"},{"Links":[],"AccomplishSwitch":false,"Number":"1","IsMinItem":true,"AccomplishSwitchScore":"","IsCancle":false,"IsMutex":true,"ItemName":" 斜坡只支撑三桶牛奶，且斜坡不接触别的物品 ","Value":"30"},{"Links":[],"AccomplishSwitch":false,"Number":"1","IsMinItem":true,"AccomplishSwitchScore":"","IsCancle":false,"IsMutex":true,"ItemName":" 滑斜坡只支撑直立的三桶牛奶，且斜坡不接触别的物品 ","Value":"40"}],"AccomplishSwitch":false,"Number":"","IsMinItem":false,"AccomplishSwitchScore":"","IsCancle":false,"IsMutex":false,"ItemName":"储存牛奶 ","Value":""},{"Links":[{"Links":[],"AccomplishSwitch":false,"Number":"1","IsMinItem":true,"AccomplishSwitchScore":"","IsCancle":false,"IsMutex":false,"ItemName":" 7 个粪便模型均完全在驯养研究区内 ","Value":"20"}],"AccomplishSwitch":false,"Number":"","IsMinItem":false,"AccomplishSwitchScore":"","IsCancle":false,"IsMutex":false,"ItemName":"收集粪便 ","Value":""},{"Links":[{"Links":[],"AccomplishSwitch":false,"Number":"5","IsMinItem":true,"AccomplishSwitchScore":"","IsCancle":false,"IsMutex":false,"ItemName":" 在白色三角形中的粪便模型 ","Value":"-6"}],"AccomplishSwitch":false,"Number":"","IsMinItem":false,"AccomplishSwitchScore":"","IsCancle":false,"IsMutex":false,"ItemName":" 处罚 ","Value":""},{"Links":[{"Links":[],"AccomplishSwitch":false,"Number":"5","IsMinItem":true,"AccomplishSwitchScore":"","IsCancle":false,"IsMutex":false,"ItemName":" 分","Value":"60"},{"Links":[],"AccomplishSwitch":false,"Number":"59","IsMinItem":true,"AccomplishSwitchScore":"","IsCancle":false,"IsMutex":false,"ItemName":" 秒 ","Value":"1"}],"AccomplishSwitch":false,"Number":"","IsMinItem":false,"AccomplishSwitchScore":"","IsCancle":false,"IsMutex":false,"ItemName":" 比赛用时 ","Value":""}]}]
