﻿ [
  {
		"AccomplishSwitch": false,
		"IsCancle": true,
		"IsMinItem": false,
		"IsMutex": false,
		"ItemName": "运送鲨鱼",
		"Number": "",
		"Value": "",
		"AccomplishSwitchScore": "",
		"Links": [
                  {
                  "AccomplishSwitch": false,
                  "IsCancle": false,
                  "IsMinItem": false,
                  "IsMutex": false,
                  "ItemName": "鲨鱼箱完全在运输目标区内",
                  "Number": "",
                  "Value": "",
                  "AccomplishSwitchScore": "",
                  "Links": [
                            {
                            "AccomplishSwitch": false,
                            "IsCancle": false,
                            "IsMinItem": true,
                            "IsMutex": true,
                            "ItemName": "在目标区 1 ",
                            "Number": "1",
                            "Value": "7",
                            "AccomplishSwitchScore": "",
                            "Links": []
                            }, {
                            "AccomplishSwitch": false,
                            "IsCancle": false,
                            "IsMinItem": true,
                            "IsMutex": true,
                            "ItemName": "在目标区 2",
                            "Number": "1",
                            "Value": "10",
                            "AccomplishSwitchScore": "",
                            "Links": []
                            }
                            ]
                  }, {
                  "AccomplishSwitch": false,
                  "IsCancle": true,
                  "IsMinItem": true,
                  "IsMutex": false,
                  "ItemName": "有上述得分且鲨鱼只与箱底接触 ",
                  "Number": "1",
                  "Value": "20",
                  "AccomplishSwitchScore": "",
                  "Links": []
                  }
                  ]
  }, {
		"AccomplishSwitch": false,
		"IsCancle": false,
		"IsMinItem": false,
		"IsMutex": false,
		"ItemName": "义犬导盲 ",
		"Number": "",
		"Value": "",
		"AccomplishSwitchScore": "",
		"Links": [
                  {
                  "AccomplishSwitch": false,
                  "IsCancle": false,
                  "IsMinItem": true,
                  "IsMutex": false,
                  "ItemName": "警示围栏倒下",
                  "Number": "1",
                  "Value": "15",
                  "AccomplishSwitchScore": "",
                  "Links": []
                  }
                  ]
  }, {
		"AccomplishSwitch": false,
		"IsCancle": false,
		"IsMinItem": false,
		"IsMutex": false,
		"ItemName": "交换动物 ",
		"Number": "",
		"Value": "",
		"AccomplishSwitchScore": "",
		"Links": [
                  {
                  "AccomplishSwitch": false,
                  "IsCancle": false,
                  "IsMinItem": true,
                  "IsMutex": false,
                  "ItemName": "两个相同的可交换动物完全在同一半台上",
                  "Number": "5",
                  "Value": "20",
                  "AccomplishSwitchScore": "",
                  "Links": []
                  }
                  ]
  }, {
		"AccomplishSwitch": false,
		"IsCancle": false,
		"IsMinItem": false,
		"IsMutex": false,
		"ItemName": "喂食 ",
		"Number": "",
		"Value": "",
		"AccomplishSwitchScore": "",
		"Links": [
                  {
                  "AccomplishSwitch": false,
                  "IsCancle": false,
                  "IsMinItem": true,
                  "IsMutex": false,
                  "ItemName": "食物完全在饲养区内",
                  "Number": "8",
                  "Value": "10",
                  "AccomplishSwitchScore": "",
                  "Links": []
                  }
                  ]
  }, {
		"AccomplishSwitch": false,
		"IsCancle": false,
		"IsMinItem": false,
		"IsMutex": false,
		"ItemName": "仿生",
		"Number": "",
		"Value": "",
		"AccomplishSwitchScore": "",
		"Links": [
                  {
                  "AccomplishSwitch": false,
                  "IsCancle": false,
                  "IsMinItem": true,
                  "IsMutex": false,
                  "ItemName": "仿生墙完全承受白色壁虎的重量 ",
                  "Number": "1",
                  "Value": "15",
                  "AccomplishSwitchScore": "",
                  "Links": []
                  }, {
                  "AccomplishSwitch": false,
                  "IsCancle": false,
                  "IsMinItem": true,
                  "IsMutex": false,
                  "ItemName": "仿生墙完全承受机器人的重量  ",
                  "Number": "1",
                  "Value": "32",
                  "AccomplishSwitchScore": "",
                  "Links": []
                  }
                  ]
  }, {
		"AccomplishSwitch": false,
		"IsCancle": false,
		"IsMinItem": false,
		"IsMutex": false,
		"ItemName": "自动挤奶   ",
		"Number": "",
		"Value": "",
		"AccomplishSwitchScore": "",
		"Links": [
                  {
                  "AccomplishSwitch": false,
                  "IsCancle": false,
                  "IsMinItem": true,
                  "IsMutex": true,
                  "ItemName": "牛奶和粪便均滚出 ",
                  "Number": "1",
                  "Value": "15",
                  "AccomplishSwitchScore": "",
                  "Links": []
                  }, {
                  "AccomplishSwitch": false,
                  "IsCancle": false,
                  "IsMinItem": true,
                  "IsMutex": true,
                  "ItemName": "牛奶均滚出而粪便未滚出  ",
                  "Number": "1",
                  "Value": "20",
                  "AccomplishSwitchScore": "",
                  "Links": []
                  }
                  ]
  }, {
		"AccomplishSwitch": false,
		"IsCancle": false,
		"IsMinItem": false,
		"IsMutex": false,
		"ItemName": "放归熊猫   ",
		"Number": "",
		"Value": "",
		"AccomplishSwitchScore": "",
		"Links": [
                  {
                  "AccomplishSwitch": false,
                  "IsCancle": false,
                  "IsMinItem": true,
                  "IsMutex": false,
                  "ItemName": "模型可动部分完全打开   ",
                  "Number": "1",
                  "Value": "10",
                  "AccomplishSwitchScore": "",
                  "Links": []
                  }
                  ]
  }, {
		"AccomplishSwitch": false,
		"IsCancle": false,
		"IsMinItem": false,
		"IsMutex": false,
		"ItemName": "恢复相机    ",
		"Number": "",
		"Value": "",
		"AccomplishSwitchScore": "",
		"Links": [
                  {
                  "AccomplishSwitch": false,
                  "IsCancle": false,
                  "IsMinItem": true,
                  "IsMutex": false,
                  "ItemName": "海豹身上的相机完全在基地内     ",
                  "Number": "1",
                  "Value": "15",
                  "AccomplishSwitchScore": "",
                  "Links": []
                  }
                  ]
  }, {
		"AccomplishSwitch": false,
		"IsCancle": false,
		"IsMinItem": false,
		"IsMutex": false,
		"ItemName": " 驯养和研究   ",
		"Number": "",
		"Value": "",
		"AccomplishSwitchScore": "",
		"Links": [
                  {
                  "AccomplishSwitch": false,
                  "IsCancle": false,
                  "IsMinItem": true,
                  "IsMutex": false,
                  "ItemName": "狗和驯养师完全在驯养研究区内      ",
                  "Number": "1",
                  "Value": "12",
                  "AccomplishSwitchScore": "",
                  "Links": []
                  }, {
                  "AccomplishSwitch": false,
                  "IsCancle": false,
                  "IsMinItem": true,
                  "IsMutex": false,
                  "ItemName": " 动物学家完全在驯养研究区内    ",
                  "Number": "1",
                  "Value": "15",
                  "AccomplishSwitchScore": "",
                  "Links": []
                  }, {
                  "AccomplishSwitch": false,
                  "IsCancle": false,
                  "IsMinItem": true,
                  "IsMutex": false,
                  "ItemName": " 粪便完全在驯养研究区内   ",
                  "Number": "7",
                  "Value": "5",
                  "AccomplishSwitchScore": "",
                  "Links": []
                  }
                  ]
  }, {
		"AccomplishSwitch": false,
		"IsCancle": false,
		"IsMinItem": false,
		"IsMutex": false,
		"ItemName": "   养蜂取蜜     ",
		"Number": "",
		"Value": "",
		"AccomplishSwitchScore": "",
		"Links": [
                  {
                  "AccomplishSwitch": false,
                  "IsCancle": false,
                  "IsMinItem": true,
                  "IsMutex": true,
                  "ItemName": " 蜜蜂在蜂箱上且蜂箱中没有蜂蜜 ",
                  "Number": "1",
                  "Value": "12",
                  "AccomplishSwitchScore": "",
                  "Links": []
                  }, {
                  "AccomplishSwitch": false,
                  "IsCancle": false,
                  "IsMinItem": true,
                  "IsMutex": true,
                  "ItemName": " 蜜蜂在蜂箱上且蜂蜜完全在基地内  ",
                  "Number": "1",
                  "Value": "15",
                  "AccomplishSwitchScore": "",
                  "Links": []
                  }
                  ]
  }, {
		"AccomplishSwitch": false,
		"IsCancle": false,
		"IsMinItem": false,
		"IsMutex": false,
		"ItemName": " 安装假肢  ",
		"Number": "",
		"Value": "",
		"AccomplishSwitchScore": "",
		"Links": [
                  {
                  "AccomplishSwitch": false,
                  "IsCancle": false,
                  "IsMinItem": true,
                  "IsMutex": true,
                  "ItemName": " 宠物装好假肢且未被裁判员拿走   ",
                  "Number": "1",
                  "Value": "9",
                  "AccomplishSwitchScore": "",
                  "Links": []
                  }, {
                  "AccomplishSwitch": false,
                  "IsCancle": false,
                  "IsMinItem": true,
                  "IsMutex": true,
                  "ItemName": "宠物装好假肢且完全在农场内    ",
                  "Number": "1",
                  "Value": "15",
                  "AccomplishSwitchScore": "",
                  "Links": []
                  }
                  ]
  }, {
		"AccomplishSwitch": false,
		"IsCancle": false,
		"IsMinItem": false,
		"IsMutex": false,
		"ItemName": "  收回海豹    ",
		"Number": "",
		"Value": "",
		"AccomplishSwitchScore": "",
		"Links": [
                  {
                  "AccomplishSwitch": false,
                  "IsCancle": false,
                  "IsMinItem": true,
                  "IsMutex": false,
                  "ItemName": " 海豹完整且完全地在基地内     ",
                  "Number": "1",
                  "Value": "10",
                  "AccomplishSwitchScore": "",
                  "Links": []
                  }
                  ]
  }, {
		"AccomplishSwitch": false,
		"IsCancle": false,
		"IsMinItem": false,
		"IsMutex": false,
		"ItemName": "  运送牛奶   ",
		"Number": "",
		"Value": "",
		"AccomplishSwitchScore": "",
		"Links": [
                  {
                  "AccomplishSwitch": false,
                  "IsCancle": false,
                  "IsMinItem": true,
                  "IsMutex": false,
                  "ItemName": " 所有牛奶完全在基地内  ",
                  "Number": "1",
                  "Value": "10",
                  "AccomplishSwitchScore": "",
                  "Links": []
                  }
                  ]
  }, {
		"AccomplishSwitch": false,
		"IsCancle": false,
		"IsMinItem": false,
		"IsMutex": false,
		"ItemName": "储存牛奶   ",
		"Number": "",
		"Value": "",
		"AccomplishSwitchScore": "",
		"Links": [
                  {
                  "AccomplishSwitch": false,
                  "IsCancle": false,
                  "IsMinItem": true,
                  "IsMutex": true,
                  "ItemName": " 斜坡支撑三桶牛奶   ",
                  "Number": "1",
                  "Value": "20",
                  "AccomplishSwitchScore": "",
                  "Links": []
                  }, {
                  "AccomplishSwitch": false,
                  "IsCancle": false,
                  "IsMinItem": true,
                  "IsMutex": true,
                  "ItemName": "  斜坡只支撑三桶牛奶，且斜坡不接触别的物品   ",
                  "Number": "1",
                  "Value": "30",
                  "AccomplishSwitchScore": "",
                  "Links": []
                  }, {
                  "AccomplishSwitch": false,
                  "IsCancle": false,
                  "IsMinItem": true,
                  "IsMutex": true,
                  "ItemName": "  滑斜坡只支撑直立的三桶牛奶，且斜坡不接触别的物品    ",
                  "Number": "1",
                  "Value": "40",
                  "AccomplishSwitchScore": "",
                  "Links": []
                  }
                  ]
  }, {
		"AccomplishSwitch": false,
		"IsCancle": false,
		"IsMinItem": false,
		"IsMutex": false,
		"ItemName": "收集粪便   ",
		"Number": "",
		"Value": "",
		"AccomplishSwitchScore": "",
		"Links": [
                  {
                  "AccomplishSwitch": false,
                  "IsCancle": false,
                  "IsMinItem": true,
                  "IsMutex": false,
                  "ItemName": " 7 个粪便模型均完全在驯养研究区内     ",
                  "Number": "1",
                  "Value": "20",
                  "AccomplishSwitchScore": "",
                  "Links": []
                  }
                  ]
  }, {
		"AccomplishSwitch": false,
		"IsCancle": false,
		"IsMinItem": false,
		"IsMutex": false,
		"ItemName": "  处罚  ",
		"Number": "",
		"Value": "",
		"AccomplishSwitchScore": "",
		"Links": [
                  {
                  "AccomplishSwitch": false,
                  "IsCancle": false,
                  "IsMinItem": true,
                  "IsMutex": false,
                  "ItemName": " 在白色三角形中的粪便模型   ",
                  "Number": "5",
                  "Value": "6",
                  "AccomplishSwitchScore": "",
                  "Links": []
                  }
                  ]
  }
  ]
